"location_id","date_utc","hour_utc","date_local","hour_local","consumption","baseline","erasing","status","extra"
"3209","2022-01-03T00:00:00Z","4","2022-01-02T00:00:00Z","23","3.2712684","3.288886","0.017617702","Ok","{""utc_offset_in_hours"":-5,""location_type"":""residential"",""time_zone"":""America/Toronto"",""historic"":{""processor"":""vpp-consumption-observer"",""timestamp"":""2022-01-03T05:00:15.0127043Z""}}"
"5721","2022-01-03T00:00:00Z","4","2022-01-02T00:00:00Z","23","1.2381884","1.8250058","0.5868174","Ok","{""utc_offset_in_hours"":-5,""location_type"":""residential"",""time_zone"":""America/Toronto"",""historic"":{""processor"":""vpp-consumption-observer"",""timestamp"":""2022-01-03T05:00:33.0493617Z""}}"
"3209","2022-01-03T00:00:00Z","3","2022-01-02T00:00:00Z","22","3.1027467","3.2634194","0.16067266","Ok","{""utc_offset_in_hours"":-5,""location_type"":""residential"",""time_zone"":""America/Toronto"",""historic"":{""processor"":""vpp-consumption-observer"",""timestamp"":""2022-01-03T04:00:12.9513736Z""}}"
"5721","2022-01-03T00:00:00Z","3","2022-01-02T00:00:00Z","22","0.61868834","1.5549766","0.93628824","Ok","{""utc_offset_in_hours"":-5,""location_type"":""residential"",""time_zone"":""America/Toronto"",""historic"":{""processor"":""vpp-consumption-observer"",""timestamp"":""2022-01-03T04:00:26.9092733Z""}}"
"3209","2022-01-03T00:00:00Z","1","2022-01-02T00:00:00Z","20","2.8724966","3.2664149","0.39391828","Ok","{""utc_offset_in_hours"":-5,""location_type"":""residential"",""time_zone"":""America/Toronto"",""historic"":{""processor"":""vpp-consumption-observer"",""timestamp"":""2022-01-03T02:00:11.0704735Z""}}"
"3209","2022-01-03T00:00:00Z","2","2022-01-02T00:00:00Z","21","3.2008033","3.1924546","-0.008348703","Ok","{""utc_offset_in_hours"":-5,""location_type"":""residential"",""time_zone"":""America/Toronto"",""historic"":{""processor"":""vpp-consumption-observer"",""timestamp"":""2022-01-03T03:00:10.4526184Z""}}"
"5721","2022-01-03T00:00:00Z","2","2022-01-02T00:00:00Z","21","4.2276783","3.065444","-1.1622343","Ok","{""utc_offset_in_hours"":-5,""location_type"":""residential"",""time_zone"":""America/Toronto"",""historic"":{""processor"":""vpp-consumption-observer"",""timestamp"":""2022-01-03T03:00:20.3045847Z""}}"
"5721","2022-01-03T00:00:00Z","1","2022-01-02T00:00:00Z","20","6.7877417","2.1753435","-4.612398","Ok","{""utc_offset_in_hours"":-5,""location_type"":""residential"",""time_zone"":""America/Toronto"",""historic"":{""processor"":""vpp-consumption-observer"",""timestamp"":""2022-01-03T02:00:11.4666736Z""}}"
"3209","2022-01-03T00:00:00Z","0","2022-01-02T00:00:00Z","19","2.8365033","3.2133584","0.37685513","Ok","{""utc_offset_in_hours"":-5,""location_type"":""residential"",""time_zone"":""America/Toronto"",""historic"":{""processor"":""vpp-consumption-observer"",""timestamp"":""2022-01-03T01:00:10.6893599Z""}}"
"5721","2022-01-03T00:00:00Z","0","2022-01-02T00:00:00Z","19","6.726868","2.2371812","-4.489687","Ok","{""utc_offset_in_hours"":-5,""location_type"":""residential"",""time_zone"":""America/Toronto"",""historic"":{""processor"":""vpp-consumption-observer"",""timestamp"":""2022-01-03T01:00:48.1574136Z""}}"
"3209","2022-01-03T00:00:00Z","23","2022-01-03T00:00:00Z","18","6.9243016","6.008176","-0.9161258","Ok","{""utc_offset_in_hours"":-5,""location_type"":""residential"",""time_zone"":""America/Toronto"",""historic"":{""processor"":""vpp-consumption-observer"",""timestamp"":""2022-01-04T00:00:37.6048258Z""}}"
"5721","2022-01-03T00:00:00Z","23","2022-01-03T00:00:00Z","18","2.9675329","1.1049572","-1.8625757","Ok","{""utc_offset_in_hours"":-5,""location_type"":""residential"",""time_zone"":""America/Toronto"",""historic"":{""processor"":""vpp-consumption-observer"",""timestamp"":""2022-01-04T00:01:00.6523470Z""}}"
"3209","2022-01-03T00:00:00Z","21","2022-01-03T00:00:00Z","16","5.9087","5.880473","-0.028226852","Ok","{""utc_offset_in_hours"":-5,""location_type"":""residential"",""time_zone"":""America/Toronto"",""historic"":{""processor"":""vpp-consumption-observer"",""timestamp"":""2022-01-03T22:00:35.5932006Z""}}"
"5721","2022-01-03T00:00:00Z","21","2022-01-03T00:00:00Z","16","4.2014704","1.9875189","-2.2139516","Ok","{""utc_offset_in_hours"":-5,""location_type"":""residential"",""time_zone"":""America/Toronto"",""historic"":{""processor"":""vpp-consumption-observer"",""timestamp"":""2022-01-03T22:00:51.5141800Z""}}"
"3209","2022-01-03T00:00:00Z","20","2022-01-03T00:00:00Z","15","5.7043","5.6857243","-0.018575668","Ok","{""utc_offset_in_hours"":-5,""location_type"":""residential"",""time_zone"":""America/Toronto"",""historic"":{""processor"":""vpp-consumption-observer"",""timestamp"":""2022-01-03T21:00:32.9752088Z""}}"
"5721","2022-01-03T00:00:00Z","20","2022-01-03T00:00:00Z","15","4.443497","1.5899011","-2.8535962","Ok","{""utc_offset_in_hours"":-5,""location_type"":""residential"",""time_zone"":""America/Toronto"",""historic"":{""processor"":""vpp-consumption-observer"",""timestamp"":""2022-01-03T21:00:48.1696598Z""}}"
"3209","2022-01-03T00:00:00Z","17","2022-01-03T00:00:00Z","12","5.7640333","5.7906303","0.026597023","Ok","{""utc_offset_in_hours"":-5,""location_type"":""residential"",""time_zone"":""America/Toronto"",""historic"":{""processor"":""vpp-consumption-observer"",""timestamp"":""2022-01-03T19:00:31.1326573Z""}}"
"3209","2022-01-03T00:00:00Z","18","2022-01-03T00:00:00Z","13","5.7526965","5.7260985","-0.026597977","Ok","{""utc_offset_in_hours"":-5,""location_type"":""residential"",""time_zone"":""America/Toronto"",""historic"":{""processor"":""vpp-consumption-observer"",""timestamp"":""2022-01-03T19:00:31.1528860Z""}}"
"5721","2022-01-03T00:00:00Z","17","2022-01-03T00:00:00Z","12","2.1802583","1.7676986","-0.41255963","Ok","{""utc_offset_in_hours"":-5,""location_type"":""residential"",""time_zone"":""America/Toronto"",""historic"":{""processor"":""vpp-consumption-observer"",""timestamp"":""2022-01-03T19:00:37.9350363Z""}}"
"5721","2022-01-03T00:00:00Z","18","2022-01-03T00:00:00Z","13","1.77445","2.322827","0.54837716","Ok","{""utc_offset_in_hours"":-5,""location_type"":""residential"",""time_zone"":""America/Toronto"",""historic"":{""processor"":""vpp-consumption-observer"",""timestamp"":""2022-01-03T19:00:37.9697442Z""}}"
"3209","2022-01-03T00:00:00Z","22","2022-01-03T00:00:00Z","17","5.7054","5.824477","0.119077206","Ok","{""utc_offset_in_hours"":-5,""location_type"":""residential"",""time_zone"":""America/Toronto"",""historic"":{""processor"":""vpp-consumption-observer"",""timestamp"":""2022-01-03T23:00:36.7189773Z""}}"
"5721","2022-01-03T00:00:00Z","15","2022-01-03T00:00:00Z","10","2.370558","2.3849096","0.014351606","Ok","{""utc_offset_in_hours"":-5,""location_type"":""residential"",""time_zone"":""America/Toronto"",""historic"":{""processor"":""vpp-consumption-observer"",""timestamp"":""2022-01-03T16:00:25.9095434Z""}}"
"3209","2022-01-03T00:00:00Z","15","2022-01-03T00:00:00Z","10","5.4782434","3.747488","-1.7307553","Ok","{""utc_offset_in_hours"":-5,""location_type"":""residential"",""time_zone"":""America/Toronto"",""historic"":{""processor"":""vpp-consumption-observer"",""timestamp"":""2022-01-03T16:00:27.4666044Z""}}"
"5721","2022-01-03T00:00:00Z","22","2022-01-03T00:00:00Z","17","2.2058263","1.4543788","-0.75144744","Ok","{""utc_offset_in_hours"":-5,""location_type"":""residential"",""time_zone"":""America/Toronto"",""historic"":{""processor"":""vpp-consumption-observer"",""timestamp"":""2022-01-03T23:00:56.0178329Z""}}"
"5721","2022-01-03T00:00:00Z","16","2022-01-03T00:00:00Z","11","3.3021235","1.953488","-1.3486356","Ok","{""utc_offset_in_hours"":-5,""location_type"":""residential"",""time_zone"":""America/Toronto"",""historic"":{""processor"":""vpp-consumption-observer"",""timestamp"":""2022-01-03T17:00:29.3683671Z""}}"
"3209","2022-01-03T00:00:00Z","16","2022-01-03T00:00:00Z","11","5.8345966","3.7090764","-2.1255202","Ok","{""utc_offset_in_hours"":-5,""location_type"":""residential"",""time_zone"":""America/Toronto"",""historic"":{""processor"":""vpp-consumption-observer"",""timestamp"":""2022-01-03T17:00:29.2524650Z""}}"
"5721","2022-01-03T00:00:00Z","13","2022-01-03T00:00:00Z","8","1.45602","2.7396135","1.2835935","Ok","{""utc_offset_in_hours"":-5,""location_type"":""residential"",""time_zone"":""America/Toronto"",""historic"":{""processor"":""vpp-consumption-observer"",""timestamp"":""2022-01-03T14:00:17.7408317Z""}}"
"3209","2022-01-03T00:00:00Z","13","2022-01-03T00:00:00Z","8","1.8442466","3.8684351","2.0241885","Ok","{""utc_offset_in_hours"":-5,""location_type"":""residential"",""time_zone"":""America/Toronto"",""historic"":{""processor"":""vpp-consumption-observer"",""timestamp"":""2022-01-03T14:00:24.5931909Z""}}"
"5721","2022-01-03T00:00:00Z","12","2022-01-03T00:00:00Z","7","1.65161","2.956028","1.304418","Ok","{""utc_offset_in_hours"":-5,""location_type"":""residential"",""time_zone"":""America/Toronto"",""historic"":{""processor"":""vpp-consumption-observer"",""timestamp"":""2022-01-03T13:00:13.8151649Z""}}"
"3209","2022-01-03T00:00:00Z","19","2022-01-03T00:00:00Z","14","5.94143","5.7701564","-0.17127371","Ok","{""utc_offset_in_hours"":-5,""location_type"":""residential"",""time_zone"":""America/Toronto"",""historic"":{""processor"":""vpp-consumption-observer"",""timestamp"":""2022-01-03T20:00:31.4052870Z""}}"
"3209","2022-01-03T00:00:00Z","12","2022-01-03T00:00:00Z","7","1.4749533","3.8689246","2.3939714","Ok","{""utc_offset_in_hours"":-5,""location_type"":""residential"",""time_zone"":""America/Toronto"",""historic"":{""processor"":""vpp-consumption-observer"",""timestamp"":""2022-01-03T13:00:23.6797490Z""}}"
"5721","2022-01-03T00:00:00Z","10","2022-01-03T00:00:00Z","5","4.31001","2.0363445","-2.2736654","Ok","{""utc_offset_in_hours"":-5,""location_type"":""residential"",""time_zone"":""America/Toronto"",""historic"":{""processor"":""vpp-consumption-observer"",""timestamp"":""2022-01-03T11:00:03.6978947Z""}}"
"3209","2022-01-03T00:00:00Z","10","2022-01-03T00:00:00Z","5","5.8408766","3.7621808","-2.0786958","Ok","{""utc_offset_in_hours"":-5,""location_type"":""residential"",""time_zone"":""America/Toronto"",""historic"":{""processor"":""vpp-consumption-observer"",""timestamp"":""2022-01-03T11:00:20.7159322Z""}}"
"5721","2022-01-03T00:00:00Z","19","2022-01-03T00:00:00Z","14","2.8414333","2.0374181","-0.80401516","Ok","{""utc_offset_in_hours"":-5,""location_type"":""residential"",""time_zone"":""America/Toronto"",""historic"":{""processor"":""vpp-consumption-observer"",""timestamp"":""2022-01-03T20:00:42.0614068Z""}}"
"5721","2022-01-03T00:00:00Z","11","2022-01-03T00:00:00Z","6","2.98867","3.1191654","0.13049531","Ok","{""utc_offset_in_hours"":-5,""location_type"":""residential"",""time_zone"":""America/Toronto"",""historic"":{""processor"":""vpp-consumption-observer"",""timestamp"":""2022-01-03T12:00:08.6868266Z""}}"
"3209","2022-01-03T00:00:00Z","11","2022-01-03T00:00:00Z","6","2.43666","3.8270383","1.3903782","Ok","{""utc_offset_in_hours"":-5,""location_type"":""residential"",""time_zone"":""America/Toronto"",""historic"":{""processor"":""vpp-consumption-observer"",""timestamp"":""2022-01-03T12:00:21.6960116Z""}}"
"3209","2022-01-03T00:00:00Z","5","2022-01-03T00:00:00Z","0","3.4462316","3.6370895","0.19085789","Ok","{""utc_offset_in_hours"":-5,""location_type"":""residential"",""time_zone"":""America/Toronto"",""historic"":{""processor"":""vpp-consumption-observer"",""timestamp"":""2022-01-03T09:00:18.6355067Z""}}"
"3209","2022-01-03T00:00:00Z","6","2022-01-03T00:00:00Z","1","3.449775","3.6521373","0.2023623","Ok","{""utc_offset_in_hours"":-5,""location_type"":""residential"",""time_zone"":""America/Toronto"",""historic"":{""processor"":""vpp-consumption-observer"",""timestamp"":""2022-01-03T09:00:18.6850071Z""}}"
"3209","2022-01-03T00:00:00Z","7","2022-01-03T00:00:00Z","2","3.646075","3.6824524","0.03637743","Ok","{""utc_offset_in_hours"":-5,""location_type"":""residential"",""time_zone"":""America/Toronto"",""historic"":{""processor"":""vpp-consumption-observer"",""timestamp"":""2022-01-03T09:00:18.7368832Z""}}"
"3209","2022-01-03T00:00:00Z","8","2022-01-03T00:00:00Z","3","3.93325","3.6945102","-0.23873973","Ok","{""utc_offset_in_hours"":-5,""location_type"":""residential"",""time_zone"":""America/Toronto"",""historic"":{""processor"":""vpp-consumption-observer"",""timestamp"":""2022-01-03T09:00:18.7868516Z""}}"
"5721","2022-01-03T00:00:00Z","14","2022-01-03T00:00:00Z","9","0.8009","2.198418","1.3975179","Ok","{""utc_offset_in_hours"":-5,""location_type"":""residential"",""time_zone"":""America/Toronto"",""historic"":{""processor"":""vpp-consumption-observer"",""timestamp"":""2022-01-03T15:00:23.1212277Z""}}"
"3209","2022-01-03T00:00:00Z","14","2022-01-03T00:00:00Z","9","1.9969","3.78547","1.78857","Ok","{""utc_offset_in_hours"":-5,""location_type"":""residential"",""time_zone"":""America/Toronto"",""historic"":{""processor"":""vpp-consumption-observer"",""timestamp"":""2022-01-03T15:00:26.0697707Z""}}"
"5721","2022-01-03T00:00:00Z","5","2022-01-03T00:00:00Z","0","1.7946633","1.8694885","0.07482517","Ok","{""utc_offset_in_hours"":-5,""location_type"":""residential"",""time_zone"":""America/Toronto"",""historic"":{""processor"":""vpp-consumption-observer"",""timestamp"":""2022-01-03T09:00:54.3067475Z""}}"
"5721","2022-01-03T00:00:00Z","6","2022-01-03T00:00:00Z","1","2.03446","1.9716401","-0.06281996","Ok","{""utc_offset_in_hours"":-5,""location_type"":""residential"",""time_zone"":""America/Toronto"",""historic"":{""processor"":""vpp-consumption-observer"",""timestamp"":""2022-01-03T09:00:54.3306797Z""}}"
"5721","2022-01-03T00:00:00Z","7","2022-01-03T00:00:00Z","2","1.8465717","1.8842347","0.037662983","Ok","{""utc_offset_in_hours"":-5,""location_type"":""residential"",""time_zone"":""America/Toronto"",""historic"":{""processor"":""vpp-consumption-observer"",""timestamp"":""2022-01-03T09:00:54.3612166Z""}}"
"5721","2022-01-03T00:00:00Z","8","2022-01-03T00:00:00Z","3","1.946655","1.9718118","0.025156736","Ok","{""utc_offset_in_hours"":-5,""location_type"":""residential"",""time_zone"":""America/Toronto"",""historic"":{""processor"":""vpp-consumption-observer"",""timestamp"":""2022-01-03T09:00:54.3933864Z""}}"
"3209","2022-01-03T00:00:00Z","9","2022-01-03T00:00:00Z","4","5.474213","3.748559","-1.7256541","Ok","{""utc_offset_in_hours"":-5,""location_type"":""residential"",""time_zone"":""America/Toronto"",""historic"":{""processor"":""vpp-consumption-observer"",""timestamp"":""2022-01-03T10:00:21.6657400Z""}}"
"5721","2022-01-03T00:00:00Z","9","2022-01-03T00:00:00Z","4","4.4751835","1.9242057","-2.5509777","Ok","{""utc_offset_in_hours"":-5,""location_type"":""residential"",""time_zone"":""America/Toronto"",""historic"":{""processor"":""vpp-consumption-observer"",""timestamp"":""2022-01-03T10:01:01.0867510Z""}}"
"3209","2022-01-04T00:00:00Z","22","2022-01-04T00:00:00Z","17","2.1777","8.332903","6.155203","Ok","{""utc_offset_in_hours"":-5,""location_type"":""residential"",""time_zone"":""America/Toronto"",""historic"":{""processor"":""vpp-consumption-observer"",""timestamp"":""2022-01-04T23:00:12.8678550Z""}}"
"5721","2022-01-04T00:00:00Z","22","2022-01-04T00:00:00Z","17","0.67628336","2.2987885","1.6225052","Ok","{""utc_offset_in_hours"":-5,""location_type"":""residential"",""time_zone"":""America/Toronto"",""historic"":{""processor"":""vpp-consumption-observer"",""timestamp"":""2022-01-04T23:00:37.6732232Z""}}"
"3209","2022-01-04T00:00:00Z","21","2022-01-04T00:00:00Z","16","9.1995","8.388899","-0.81060123","Ok","{""utc_offset_in_hours"":-5,""location_type"":""residential"",""time_zone"":""America/Toronto"",""historic"":{""processor"":""vpp-consumption-observer"",""timestamp"":""2022-01-04T22:00:09.8853104Z""}}"
"5721","2022-01-04T00:00:00Z","21","2022-01-04T00:00:00Z","16","4.96653","2.8319287","-2.134601","Ok","{""utc_offset_in_hours"":-5,""location_type"":""residential"",""time_zone"":""America/Toronto"",""historic"":{""processor"":""vpp-consumption-observer"",""timestamp"":""2022-01-04T22:00:34.0705223Z""}}"
"5721","2022-01-04T00:00:00Z","20","2022-01-04T00:00:00Z","15","4.720023","2.434311","-2.2857122","Ok","{""utc_offset_in_hours"":-5,""location_type"":""residential"",""time_zone"":""America/Toronto"",""historic"":{""processor"":""vpp-consumption-observer"",""timestamp"":""2022-01-04T21:00:29.4181532Z""}}"
"3209","2022-01-04T00:00:00Z","20","2022-01-04T00:00:00Z","15","8.8195","8.19415","-0.62535","Ok","{""utc_offset_in_hours"":-5,""location_type"":""residential"",""time_zone"":""America/Toronto"",""historic"":{""processor"":""vpp-consumption-observer"",""timestamp"":""2022-01-04T21:01:10.0254437Z""}}"
"3209","2022-01-04T00:00:00Z","16","2022-01-04T00:00:00Z","11","7.6717534","3.4965143","-4.175239","Ok","{""utc_offset_in_hours"":-5,""location_type"":""residential"",""time_zone"":""America/Toronto"",""historic"":{""processor"":""vpp-consumption-observer"",""timestamp"":""2022-01-04T17:00:03.6243238Z""}}"
"5721","2022-01-04T00:00:00Z","19","2022-01-04T00:00:00Z","14","2.6394017","2.8818278","0.24242616","Ok","{""utc_offset_in_hours"":-5,""location_type"":""residential"",""time_zone"":""America/Toronto"",""historic"":{""processor"":""vpp-consumption-observer"",""timestamp"":""2022-01-04T20:00:27.0476530Z""}}"
"3209","2022-01-04T00:00:00Z","15","2022-01-04T00:00:00Z","10","9.216755","3.534926","-5.681829","Ok","{""utc_offset_in_hours"":-5,""location_type"":""residential"",""time_zone"":""America/Toronto"",""historic"":{""processor"":""vpp-consumption-observer"",""timestamp"":""2022-01-04T16:00:03.0238706Z""}}"
"5721","2022-01-04T00:00:00Z","15","2022-01-04T00:00:00Z","10","4.622608","2.7957158","-1.8268924","Ok","{""utc_offset_in_hours"":-5,""location_type"":""residential"",""time_zone"":""America/Toronto"",""historic"":{""processor"":""vpp-consumption-observer"",""timestamp"":""2022-01-04T16:00:08.4831924Z""}}"
"5721","2022-01-04T00:00:00Z","16","2022-01-04T00:00:00Z","11","3.7100916","2.364294","-1.3457975","Ok","{""utc_offset_in_hours"":-5,""location_type"":""residential"",""time_zone"":""America/Toronto"",""historic"":{""processor"":""vpp-consumption-observer"",""timestamp"":""2022-01-04T17:00:12.4171675Z""}}"
"3209","2022-01-04T00:00:00Z","19","2022-01-04T00:00:00Z","14","4.7945","8.278582","3.4840817","Ok","{""utc_offset_in_hours"":-5,""location_type"":""residential"",""time_zone"":""America/Toronto"",""historic"":{""processor"":""vpp-consumption-observer"",""timestamp"":""2022-01-04T20:01:06.8146372Z""}}"
"3209","2022-01-04T00:00:00Z","23","2022-01-04T00:00:00Z","18","0.4258","8.516602","8.090801","Ok","{""utc_offset_in_hours"":-5,""location_type"":""residential"",""time_zone"":""America/Toronto"",""historic"":{""processor"":""vpp-consumption-observer"",""timestamp"":""2022-01-05T00:00:13.6846036Z""}}"
"5721","2022-01-04T00:00:00Z","23","2022-01-04T00:00:00Z","18","0.234025","1.9493669","1.7153419","Ok","{""utc_offset_in_hours"":-5,""location_type"":""residential"",""time_zone"":""America/Toronto"",""historic"":{""processor"":""vpp-consumption-observer"",""timestamp"":""2022-01-05T00:00:41.5185185Z""}}"
"3209","2022-01-04T00:00:00Z","14","2022-01-04T00:00:00Z","9","0.80241","3.572908","2.7704978","Ok","{""utc_offset_in_hours"":-5,""location_type"":""residential"",""time_zone"":""America/Toronto"",""historic"":{""processor"":""vpp-consumption-observer"",""timestamp"":""2022-01-04T15:00:01.5685321Z""}}"
"5721","2022-01-04T00:00:00Z","14","2022-01-04T00:00:00Z","9","1.3411484","2.6092238","1.2680755","Ok","{""utc_offset_in_hours"":-5,""location_type"":""residential"",""time_zone"":""America/Toronto"",""historic"":{""processor"":""vpp-consumption-observer"",""timestamp"":""2022-01-04T15:00:04.4207559Z""}}"
"3209","2022-01-04T00:00:00Z","13","2022-01-04T00:00:00Z","8","0.73640335","3.655873","2.9194698","Ok","{""utc_offset_in_hours"":-5,""location_type"":""residential"",""time_zone"":""America/Toronto"",""historic"":{""processor"":""vpp-consumption-observer"",""timestamp"":""2022-01-04T14:00:00.2571693Z""}}"
"5721","2022-01-04T00:00:00Z","13","2022-01-04T00:00:00Z","8","1.7269183","3.1504197","1.4235014","Ok","{""utc_offset_in_hours"":-5,""location_type"":""residential"",""time_zone"":""America/Toronto"",""historic"":{""processor"":""vpp-consumption-observer"",""timestamp"":""2022-01-04T14:00:00.3609588Z""}}"
"3209","2022-01-04T00:00:00Z","11","2022-01-04T00:00:00Z","6","1.3090295","3.6144762","2.3054466","Ok","{""utc_offset_in_hours"":-5,""location_type"":""residential"",""time_zone"":""America/Toronto"",""historic"":{""processor"":""vpp-consumption-observer"",""timestamp"":""2022-01-04T11:59:57.2126476Z""}}"
"5721","2022-01-04T00:00:00Z","10","2022-01-04T00:00:00Z","5","4.4705033","2.4471507","-2.0233526","Ok","{""utc_offset_in_hours"":-5,""location_type"":""residential"",""time_zone"":""America/Toronto"",""historic"":{""processor"":""vpp-consumption-observer"",""timestamp"":""2022-01-04T11:00:46.8958135Z""}}"
"5721","2022-01-04T00:00:00Z","11","2022-01-04T00:00:00Z","6","2.8459616","3.5299716","0.68401","Ok","{""utc_offset_in_hours"":-5,""location_type"":""residential"",""time_zone"":""America/Toronto"",""historic"":{""processor"":""vpp-consumption-observer"",""timestamp"":""2022-01-04T12:00:53.0343769Z""}}"
"3209","2022-01-04T00:00:00Z","10","2022-01-04T00:00:00Z","5","5.8604703","3.5496187","-2.3108516","Ok","{""utc_offset_in_hours"":-5,""location_type"":""residential"",""time_zone"":""America/Toronto"",""historic"":{""processor"":""vpp-consumption-observer"",""timestamp"":""2022-01-04T11:00:56.0216556Z""}}"
"5721","2022-01-04T00:00:00Z","9","2022-01-04T00:00:00Z","4","4.89664","2.3350117","-2.561628","Ok","{""utc_offset_in_hours"":-5,""location_type"":""residential"",""time_zone"":""America/Toronto"",""historic"":{""processor"":""vpp-consumption-observer"",""timestamp"":""2022-01-04T10:00:43.8031377Z""}}"
"3209","2022-01-04T00:00:00Z","9","2022-01-04T00:00:00Z","4","5.1445866","3.535997","-1.6085896","Ok","{""utc_offset_in_hours"":-5,""location_type"":""residential"",""time_zone"":""America/Toronto"",""historic"":{""processor"":""vpp-consumption-observer"",""timestamp"":""2022-01-04T10:00:54.8741383Z""}}"
"5721","2022-01-04T00:00:00Z","17","2022-01-04T00:00:00Z","12","2.9591594","2.6121082","-0.34705114","Ok","{""utc_offset_in_hours"":-5,""location_type"":""residential"",""time_zone"":""America/Toronto"",""historic"":{""processor"":""vpp-consumption-observer"",""timestamp"":""2022-01-04T19:00:22.5927878Z""}}"
"5721","2022-01-04T00:00:00Z","18","2022-01-04T00:00:00Z","13","2.8201857","3.1672368","0.34705114","Ok","{""utc_offset_in_hours"":-5,""location_type"":""residential"",""time_zone"":""America/Toronto"",""historic"":{""processor"":""vpp-consumption-observer"",""timestamp"":""2022-01-04T19:00:22.6208860Z""}}"
"3209","2022-01-04T00:00:00Z","12","2022-01-04T00:00:00Z","7","3.3774967","3.6563625","0.2788658","Ok","{""utc_offset_in_hours"":-5,""location_type"":""residential"",""time_zone"":""America/Toronto"",""historic"":{""processor"":""vpp-consumption-observer"",""timestamp"":""2022-01-04T12:59:58.9516253Z""}}"
"5721","2022-01-04T00:00:00Z","12","2022-01-04T00:00:00Z","7","1.6994083","3.3668342","1.6674259","Ok","{""utc_offset_in_hours"":-5,""location_type"":""residential"",""time_zone"":""America/Toronto"",""historic"":{""processor"":""vpp-consumption-observer"",""timestamp"":""2022-01-04T13:00:57.0074149Z""}}"
"5721","2022-01-04T00:00:00Z","5","2022-01-04T00:00:00Z","0","2.101475","2.2802944","0.17881942","Ok","{""utc_offset_in_hours"":-5,""location_type"":""residential"",""time_zone"":""America/Toronto"",""historic"":{""processor"":""vpp-consumption-observer"",""timestamp"":""2022-01-04T09:00:40.0210280Z""}}"
"5721","2022-01-04T00:00:00Z","6","2022-01-04T00:00:00Z","1","2.7926283","2.3824463","-0.410182","Ok","{""utc_offset_in_hours"":-5,""location_type"":""residential"",""time_zone"":""America/Toronto"",""historic"":{""processor"":""vpp-consumption-observer"",""timestamp"":""2022-01-04T09:00:40.0420353Z""}}"
"5721","2022-01-04T00:00:00Z","7","2022-01-04T00:00:00Z","2","2.137545","2.2950406","0.1574955","Ok","{""utc_offset_in_hours"":-5,""location_type"":""residential"",""time_zone"":""America/Toronto"",""historic"":{""processor"":""vpp-consumption-observer"",""timestamp"":""2022-01-04T09:00:40.0727793Z""}}"
"5721","2022-01-04T00:00:00Z","8","2022-01-04T00:00:00Z","3","2.1299317","2.382618","0.25268626","Ok","{""utc_offset_in_hours"":-5,""location_type"":""residential"",""time_zone"":""America/Toronto"",""historic"":{""processor"":""vpp-consumption-observer"",""timestamp"":""2022-01-04T09:00:40.0864104Z""}}"
"3209","2022-01-04T00:00:00Z","5","2022-01-04T00:00:00Z","0","3.00505","3.4245274","0.41947746","Ok","{""utc_offset_in_hours"":-5,""location_type"":""residential"",""time_zone"":""America/Toronto"",""historic"":{""processor"":""vpp-consumption-observer"",""timestamp"":""2022-01-04T09:00:52.6714353Z""}}"
"3209","2022-01-04T00:00:00Z","6","2022-01-04T00:00:00Z","1","3.3055","3.4395752","0.13407516","Ok","{""utc_offset_in_hours"":-5,""location_type"":""residential"",""time_zone"":""America/Toronto"",""historic"":{""processor"":""vpp-consumption-observer"",""timestamp"":""2022-01-04T09:00:52.7346042Z""}}"
"3209","2022-01-04T00:00:00Z","7","2022-01-04T00:00:00Z","2","3.3718817","3.4698904","0.09800863","Ok","{""utc_offset_in_hours"":-5,""location_type"":""residential"",""time_zone"":""America/Toronto"",""historic"":{""processor"":""vpp-consumption-observer"",""timestamp"":""2022-01-04T09:00:52.7871712Z""}}"
"3209","2022-01-04T00:00:00Z","8","2022-01-04T00:00:00Z","3","3.7140317","3.4819481","-0.23208356","Ok","{""utc_offset_in_hours"":-5,""location_type"":""residential"",""time_zone"":""America/Toronto"",""historic"":{""processor"":""vpp-consumption-observer"",""timestamp"":""2022-01-04T09:00:52.8179392Z""}}"
"3209","2022-01-04T00:00:00Z","17","2022-01-04T00:00:00Z","12","10.527382","8.299056","-2.2283258","Ok","{""utc_offset_in_hours"":-5,""location_type"":""residential"",""time_zone"":""America/Toronto"",""historic"":{""processor"":""vpp-consumption-observer"",""timestamp"":""2022-01-04T19:01:06.2916245Z""}}"
"3209","2022-01-04T00:00:00Z","18","2022-01-04T00:00:00Z","13","6.0062","8.234524","2.228324","Ok","{""utc_offset_in_hours"":-5,""location_type"":""residential"",""time_zone"":""America/Toronto"",""historic"":{""processor"":""vpp-consumption-observer"",""timestamp"":""2022-01-04T19:01:06.3125392Z""}}"
"5721","2022-01-04T00:00:00Z","4","2022-01-03T00:00:00Z","23","2.40014","1.2816339","-1.1185062","Ok","{""utc_offset_in_hours"":-5,""location_type"":""residential"",""time_zone"":""America/Toronto"",""historic"":{""processor"":""vpp-consumption-observer"",""timestamp"":""2022-01-04T05:00:24.6740608Z""}}"
"5721","2022-01-04T00:00:00Z","2","2022-01-03T00:00:00Z","21","6.28938","1.9059014","-4.3834786","Ok","{""utc_offset_in_hours"":-5,""location_type"":""residential"",""time_zone"":""America/Toronto"",""historic"":{""processor"":""vpp-consumption-observer"",""timestamp"":""2022-01-04T03:00:15.2315852Z""}}"
"3209","2022-01-04T00:00:00Z","4","2022-01-03T00:00:00Z","23","2.7572684","6.055686","3.2984176","Ok","{""utc_offset_in_hours"":-5,""location_type"":""residential"",""time_zone"":""America/Toronto"",""historic"":{""processor"":""vpp-consumption-observer"",""timestamp"":""2022-01-04T05:00:49.6229387Z""}}"
"5721","2022-01-04T00:00:00Z","3","2022-01-03T00:00:00Z","22","5.7088","1.8641968","-3.844603","Ok","{""utc_offset_in_hours"":-5,""location_type"":""residential"",""time_zone"":""America/Toronto"",""historic"":{""processor"":""vpp-consumption-observer"",""timestamp"":""2022-01-04T04:00:18.6002015Z""}}"
"3209","2022-01-04T00:00:00Z","3","2022-01-03T00:00:00Z","22","3.2742817","6.0706635","2.7963817","Ok","{""utc_offset_in_hours"":-5,""location_type"":""residential"",""time_zone"":""America/Toronto"",""historic"":{""processor"":""vpp-consumption-observer"",""timestamp"":""2022-01-04T04:00:45.4570328Z""}}"
"3209","2022-01-04T00:00:00Z","2","2022-01-03T00:00:00Z","21","6.03094","6.056253","0.0253129","Ok","{""utc_offset_in_hours"":-5,""location_type"":""residential"",""time_zone"":""America/Toronto"",""historic"":{""processor"":""vpp-consumption-observer"",""timestamp"":""2022-01-04T03:00:44.3661859Z""}}"
"3209","2022-01-04T00:00:00Z","1","2022-01-03T00:00:00Z","20","4.24196","5.9940524","1.7520924","Ok","{""utc_offset_in_hours"":-5,""location_type"":""residential"",""time_zone"":""America/Toronto"",""historic"":{""processor"":""vpp-consumption-observer"",""timestamp"":""2022-01-04T02:00:42.6962531Z""}}"
"5721","2022-01-04T00:00:00Z","1","2022-01-03T00:00:00Z","20","3.27572","1.5279384","-1.7477815","Ok","{""utc_offset_in_hours"":-5,""location_type"":""residential"",""time_zone"":""America/Toronto"",""historic"":{""processor"":""vpp-consumption-observer"",""timestamp"":""2022-01-04T02:01:08.8100491Z""}}"
"3209","2022-01-04T00:00:00Z","0","2022-01-03T00:00:00Z","19","6.6213984","5.895409","-0.72598934","Ok","{""utc_offset_in_hours"":-5,""location_type"":""residential"",""time_zone"":""America/Toronto"",""historic"":{""processor"":""vpp-consumption-observer"",""timestamp"":""2022-01-04T01:00:38.7828515Z""}}"
"5721","2022-01-04T00:00:00Z","0","2022-01-03T00:00:00Z","19","2.67077","1.4785495","-1.1922204","Ok","{""utc_offset_in_hours"":-5,""location_type"":""residential"",""time_zone"":""America/Toronto"",""historic"":{""processor"":""vpp-consumption-observer"",""timestamp"":""2022-01-04T01:01:05.3337321Z""}}"